seem,1996
post,1968
call,1949
such,1946
be,1943
after,1940
too,1924
system,1906
come,1905
help,1904
same,1887
realli,1878
point,1851
did,1828
read,1803
over,1798
someth,1778
find,1759
sinc,1754
back,1740
believ,1692
it,1689
still,1685
give,1683
mail,1683
state,1676
mean,1672
befor,1592
differ,1592
sure,1590
day,1586
off,1572
reason,1571
might,1565
run,1560
univers,1554
interest,1538
last,1526
while,1522
let,1514
never,1509
own,1509
person,1507
go,1486
our,1478
said,1467
someon,1466
start,1457
tell,1440
anoth,1438
doesn,1421
better,1414
follow,1407
got,1393
without,1392
possibl,1388
gener,1384
both,1381
few,1374
lot,1371
ask,1369
part,1365
etc,1359
fact,1354
case,1352
number,1351
do,1344
put,1339
long,1329
actual,1324
includ,1314
must,1312
anyth,1301
littl,1289
between,1287
inform,1281
made,1278
probabl,1268
down,1265
comput,1240
around,1236
through,1220
howev,1217
place,1207
world,1207
him,1201
best,1198
least,1198
window,1192
set,1181
opinion,1181
support,1178
cours,1178
again,1174
happen,1168
program,1165
didn,1160
under,1149
keep,1148
everi,1146
name,1145
live,1142
chang,1142
enough,1141
line,1138
david,1136
group,1130
end,1123
news,1112
idea,1111
far,1103
show,1098
either,1098
power,1095
though,1095
great,1087
consid,1087
drive,1075
real,1075
bit,1072
thought,1070
els,1066
talk,1053
each,1044
old,1038
noth,1032
true,1029
base,1029
quit,1029
hope,1017
against,1010
rather,1006
avail,1002
control,998
high,991
govern,991
word,985
god,985
wrote,985
found,984
seen,979
order,974
hard,968
wrong,966
file,965
john,960
mayb,956
exist,953
ye,953
yet,953
kind,948
abl,945
second,940
alway,936
ever,934
done,933
law,925
next,923
claim,921
suggest,920
caus,920
exampl,919
isn,917
game,915
onc,914
email,907
note,905
allow,896
net,894
list,894
respons,888
less,887
answer,887
play,885
life,881
heard,875
hand,874
sever,872
man,871
understand,871
abov,869
origin,867
current,859
feel,859
send,857
wonder,856
rememb,855
bad,855
turn,855
care,850
requir,846
christian,845
away,844
buy,842
softwar,841
big,837
provid,834
won,826
internet,824
effect,823
book,822
issu,819
public,818
non,816
refer,813
given,807
sound,803
phone,800
free,799
engin,795
standard,794
today,793
org,792
sourc,790
kill,786
until,779
agre,779
accept,776
type,776
discuss,774
result,771
recent,767
home,767
ago,763
mind,759
card,756
three,754
perhap,754
mark,752
advanc,749
week,747
car,746
pretti,745
nation,744
appreci,742
major,741
whether,741
fax,739
data,735
check,733
alreadi,732
report,732
stuff,729
matter,727
info,725
assum,720
mention,720
dure,720
uucp,719
guess,719
price,719
machin,717
becom,717
anyway,717
larg,717
view,716
left,715
complet,712
research,709
human,709
address,705
gov,705
close,703
american,702
area,697
access,696
import,694
key,692
except,692
move,687
experi,685
version,684
space,678
open,676
cannot,676
month,675
michael,675
full,674
correct,673
win,670
forc,670
whole,669
guy,669
sort,669
messag,668
small,667
local,667
sale,666
final,659
design,659
love,657
posit,657
sun,654
compani,650
usual,650
chip,648
expect,648
stop,647
everyon,647
sell,644
build,644
bill,644
offer,642
manag,641
almost,641
box,640
friend,635
develop,634
hear,634
side,632
author,632
deal,631
head,629
creat,628
anybodi,628
came,627
simpli,625
wouldn,625
specif,624
suppos,623
cost,621
team,619
appear,619
nice,618
comment,617
regard,616
unless,613
certainli,613
instead,613
often,604
code,601
everyth,600
hold,599
servic,599
evid,597
robert,597
commun,592
test,590
decid,589
speed,589
present,589
pay,588
told,587
her,584
money,582
repli,582
sorri,581
applic,581
continu,581
form,580
die,580
mike,578
countri,577
especi,577
leav,577
similar,575
speak,574
relat,570
singl,565
limit,565
technolog,564
term,564
center,559
pass,558
later,552
sens,552
mine,551
copi,551
involv,549
receiv,549
intern,549
known,549
haven,548
steve,548
statement,547
coupl,546
netcom,545
mac,545
total,544
although,544
offic,542
product,542
clear,542
argument,539
activ,539
act,539
plan,537
low,537
polit,536
basic,536
save,536
fine,535
death,534
exactli,534
explain,534
oper,533
protect,533
paul,532
organ,532
perform,530
she,529
studi,529
lead,529
rule,528
scienc,528
gun,527
within,527
themselv,527
past,526
hous,526
goe,526
level,525
concern,523
natur,522
unit,521
object,521
driver,519
night,516
rest,515
action,515
graphic,515
direct,515
thu,513
simpl,511
learn,510
return,509
wait,508
memori,504
andrew,503
member,501
fire,500
delet,499
whatev,498
attempt,498
light,498
stand,497
figur,496
certain,496
appli,496
histori,495
disk,495
accord,494
process,493
user,493
carri,492
children,492
model,491
depart,490
watch,490
nasa,489
begin,487
situat,487
top,486
myself,486
appl,485
went,484
connect,483
short,483
religion,482
imag,482
compar,481
player,480
ibm,480
normal,479
bodi,479
easi,478
definit,477
practic,477
hit,476
notic,475
entir,474
rate,473
board,473
taken,473
instal,471
job,471
due,470
particular,469
color,469
white,468
face,467
special,467
sometim,467
add,467
depend,466
common,466
stori,466
prefer,464
date,464
washington,464
detail,464
contact,462
dead,461
condit,460
ignor,460
replac,459
newsgroup,459
valu,457
individu,457
cover,455
war,455
disclaim,455
contain,455
quot,455
busi,454
dod,453
purpos,453
hell,452
secur,451
via,450
cut,450
uiuc,449
aren,449
doubt,448
therefor,448
road,448
record,448
error,447
itself,447
fast,446
display,444
saw,443
self,443
chanc,442
school,442
miss,441
black,441
press,441
addit,440
network,438
jame,438
four,436
fail,436
jim,436
hardwar,435
longer,435
april,435
soon,433
took,433
red,428
request,428
wish,426
video,425
among,424
upon,422
releas,422
size,422
yourself,421
attack,419
pick,418
nor,417
dave,416
fan,416
earth,416
voic,414
defin,414
arm,414
earli,413
jesu,412
physic,412
along,411
flame,411
burn,410
legal,410
wasn,408
men,408
handl,408
event,407
privat,407
document,406
monitor,405
express,404
worth,402
describ,402
truth,401
per,401
futur,401
produc,399
usa,398
bring,397
lost,397
function,396
otherwis,395
fall,395
plu,391
previou,391
clipper,390
radio,390
rutger,390
occur,390
text,389
remov,389
solut,388
respect,388
moral,387
hour,387
break,386
near,385
behind,385
million,384
market,384
amount,384
period,384
convert,383
citi,382
prove,381
appar,381
built,381
screen,380
written,380
increas,379
variou,377
choic,377
knowledg,377
respond,376
prevent,376
outsid,376
main,376
further,376
remain,376
indic,375
associ,375
paper,374
front,374
account,374
share,373
bibl,373
format,372
inc,372
command,371
bob,371
none,371
devic,370
half,370
land,369
couldn,369
directli,369
site,369
seri,369
unfortun,368
ground,367
project,366
bitnet,366
institut,364
necessari,363
announc,363
cmu,362
offici,362
stay,362
minut,361
mode,361
packag,360
togeth,360
presid,360
jew,360
seriou,359
manual,359
logic,358
ftp,358
clinton,358
bike,358
peter,358
polic,358
late,358
religi,358
realiz,357
cheap,357
field,356
thoma,356
ad,355
method,355
fix,354
ship,354
lie,351
third,351
strong,351
defens,350
sign,349
fbi,348
propos,348
bought,348
serv,347
folk,347
student,347
fit,346
suppli,346
drop,345
peac,345
absolut,345
inde,344
option,344
encrypt,343
imagin,342
happi,341
canada,341
att,340
higher,340
stupid,340
blue,340
usenet,339
young,339
charg,339
avoid,338
murder,338
determin,338
publish,337
page,337
faith,336
unix,335
societi,335
easili,335
technic,334
belief,334
sent,334
print,334
pictur,334
lack,334
difficult,334
basi,333
electron,333
uunet,332
clearli,332
season,332
cso,331
richard,330
toward,330
troubl,330
church,328
purchas,328
mit,326
minor,326
york,326
anti,325
danger,325
observ,325
employ,324
reach,324
class,324
select,323
switch,323
polici,323
success,323
tom,323
qualiti,322
crime,322
brian,322
capabl,321
insid,321
christ,321
gave,321
intend,320
btw,320
toronto,320
surpris,320
recommend,319
choos,318
basebal,317
suspect,317
eye,317
letter,316
whose,316
commit,316
forget,316
scott,315
chri,314
separ,313
fight,313
israel,313
drug,312
himself,312
owner,311
ride,311
shot,311
below,311
argu,310
rel,310
extra,309
obvious,309
faq,309
women,309
east,308
excel,308
famili,307
neither,306
store,306
draw,305
improv,305
locat,305
weapon,304
load,303
jewish,303
medic,303
initi,303
alon,303
air,302
heart,302
listen,301
expens,301
effort,301
altern,300
street,300
theori,300
independ,299
approach,299
somebodi,299
admit,298
citizen,298
thousand,297
media,297
step,297
civil,297
hockey,295
trade,295
lose,295
repres,295
ram,295
algorithm,294
hate,294
port,294
king,294
consist,294
smith,294
warn,293
secret,293
concept,292
spend,292
hey,292
virginia,291
mile,290
pro,290
pull,289
hello,289
obviou,289
parti,289
server,289
distribut,289
collect,289
educ,288
averag,288
ten,288
goal,288
immedi,287
rang,287
wide,287
measur,287
digit,286
adam,286
atheist,286
popul,286
brought,285
rais,285
interpret,285
age,284
meet,284
search,284
court,284
san,283
leagu,283
lower,283
ac,282
manufactur,282
advic,282
militari,281
featur,281
equal,281
count,280
across,280
updat,279
feder,279
wors,279
grant,279
ga,279
sit,279
mass,278
frank,278
joe,278
divis,277
mere,276
impress,276
william,275
water,275
child,274
constitut,274
america,274
worri,274
implement,274
recal,273
stanford,273
extrem,273
waco,273
decis,272
somewher,272
judg,272
besid,272
reduc,271
station,271
serious,271
necessarili,271
confus,270
wast,270
straight,270
tend,270
equip,270
faster,270
knew,269
tape,269
signific,269
fairli,267
five,267
sport,267
mechan,267
kid,267
suffer,267
appropri,267
enter,267
abil,267
materi,266
middl,266
yeah,266
agenc,266
convinc,265
leader,265
section,264
math,264
door,263
poor,263
beyond,263
languag,263
beat,263
maintain,262
cup,262
thread,262
illeg,261
throw,261
oppos,261
establish,261
gone,261
shall,260
score,260
recogn,260
freedom,260
tool,260
west,259
trust,259
slow,258
walk,258
lab,257
greatli,257
georg,257
keith,256
tim,256
automat,256
colorado,255
california,255
dan,255
stick,255
earlier,254
desir,254
shoot,254
tel,254
obtain,254
safe,253
anim,253
doctor,253
librari,252
hundr,251
andi,251
freenet,250
shouldn,250
tax,250
titl,249
texa,249
deni,249
cleveland,248
unlik,248
teach,248
commerci,247
push,247
piec,247
output,247
western,247
crimin,246
block,246
dept,246
room,245
fill,245
resourc,245
bu,244
doubl,244
degre,244
charl,244
nobodi,244
perfect,243
defend,243
awar,243
kept,243
eric,243
util,243
son,242
ohio,242
sin,242
edit,242
former,241
clean,241
regular,241
park,241
jack,241
quick,241
north,240
modern,240
train,240
fair,239
conclus,239
upgrad,238
enforc,238
administr,238
wife,238
compat,238
tradit,237
magazin,237
escap,237
bear,237
meant,236
mhz,236
muslim,236
welcom,236
eat,236
convers,236
cross,236
colleg,235
dealer,235
industri,235
signal,235
moment,235
stephen,235
fear,235
intent,234
destroy,234
luck,234
content,234
pat,234
pitt,233
electr,233
bunch,233
joseph,232
impli,232
essenti,232
transfer,232
eng,232
ball,231
corpor,231
green,231
evil,231
intellig,231
modem,231
bank,230
damn,230
isra,230
valid,229
father,229
blood,229
wing,228
input,228
bb,228
food,228
ken,228
particularli,228
mother,228
combin,228
refus,228
review,228
justifi,228
topic,227
brain,227
angel,227
round,227
pain,227
advantag,227
sold,227
fund,226
arab,226
jeff,226
star,226
bother,225
soul,225
fals,225
serial,225
mil,225
restrict,225
critic,225
potenti,225
alt,225
environ,224
race,222
vehicl,222
factor,221
fli,221
corp,221
termin,220
gain,220
risk,220
hot,219
europ,219
benefit,219
koresh,219
cabl,219
compound,219
berkeley,219
typic,219
clock,218
realiti,218
held,218
violat,218
microsoft,218
treat,217
agent,217
translat,217
disagre,217
proper,217
directori,217
hole,216
interfac,216
mostli,216
tank,216
wall,216
context,216
boston,215
led,215
wit,215
cultur,215
proof,215
matthew,214
germani,214
six,214
custom,213
health,213
consider,212
shown,212
item,212
forward,212
enjoy,212
imposs,212
lord,211
popular,211
harvard,211
paid,211
repeat,210
loss,210
everybodi,210
floppi,209
social,209
archiv,209
demonstr,209
scsi,209
damag,209
readi,209
playoff,209
reader,209
assist,209
instanc,209
join,209
doug,208
fulli,208
islam,208
style,208
brother,207
easier,206
born,206
fun,206
charact,206
scientif,206
sci,205
march,205
pitch,205
atho,205
ron,205
comp,205
eventu,205
gari,205
instruct,204
vote,204
discov,204
armi,204
anywher,203
latest,203
liber,203
centuri,202
roger,202
extern,202
safeti,202
whom,202
steven,202
volum,202
spot,201
central,201
auto,201
descript,201
configur,201
mistak,201
relev,201
affect,200
printer,200
highli,200
excus,200
blame,200
parent,200
execut,200
promis,199
behavior,199
resolut,198
licens,198
ray,198
cheer,198
jon,198
cwru,197
compil,197
bell,197
predict,197
nhl,197
insur,197
cool,197
meg,196
lee,196
daniel,196
reflect,196
digex,195
multipl,195
caltech,195
sexual,195
attent,195
despit,194
chicago,194
gmt,194
hurt,193
homosexu,193
attitud,193
indiana,193
properti,193
pin,193
boy,193
contribut,193
investig,193
exact,192
poster,192
uc,192
brown,192
track,192
wear,192
pressur,192
reliabl,192
tech,191
extens,191
bet,191
rom,191
larger,191
link,190
treatment,190
modifi,190
somewhat,190
gotten,190
art,190
histor,189
rich,189
pre,189
sea,189
lock,189
columbia,189
confer,189
cold,189
finish,189
reject,189
accur,189
summari,189
demand,189
aid,188
dollar,188
statist,188
challeng,187
sex,187
tire,187
map,187
rob,187
weight,187
innoc,186
particip,186
punish,186
somehow,186
bug,186
seek,185
programm,185
gay,185
greater,185
south,185
fault,185
motorcycl,185
identifi,184
resist,184
mission,184
shell,184
master,183
extend,183
suit,183
mous,183
quickli,183
cite,182
phil,182
sgi,182
orbit,182
match,181
abus,181
sampl,181
prepar,181
properli,181
debat,181
structur,181
justic,181
path,181
plug,181
favor,181
morn,180
ahead,180
met,180
examin,180
pure,180
dec,180
rec,180
buffalo,180
escrow,180
assert,180
huge,179
woman,179
target,179
uxa,179
wave,179
screw,179
techniqu,179
region,179
offens,178
medicin,178
std,178
belong,178
town,178
plain,178
virtual,178
heat,178
atf,177
sy,177
econom,177
curiou,177
guarante,177
foreign,177
batf,177
compress,176
encourag,176
knock,176
brand,176
athena,176
spec,175
truli,175
frequent,175
expert,175
davidian,175
apart,175
analysi,174
misc,174
stat,174
visit,174
becam,174
onto,174
complex,174
tie,174
rocket,174
strang,173
launch,173
setup,173
background,173
rock,173
host,173
remot,173
motiv,173
suffici,172
nearli,172
construct,172
genocid,172
spread,171
approv,171
okay,171
integr,171
purdu,171
surfac,170
domain,170
creation,170
tabl,170
dog,170
bat,170
oil,170
worst,170
feet,170
branch,170
european,169
assumpt,169
scriptur,169
older,169
spent,169
diseas,169
analog,169
slightli,168
traffic,168
cpu,168
touch,168
aspect,168
mountain,168
precis,168
weren,168
proceed,168
scientist,168
role,167
devil,167
gatech,167
scheme,167
correctli,167
solid,167
nsa,167
insist,167
amend,167
motif,167
ide,166
statu,166
principl,166
mot,166
patient,166
deserv,166
pittsburgh,165
jump,165
tap,165
weak,165
percentag,164
english,164
bottom,163
imho,163
greg,163
perfectli,163
bar,163
regist,163
harm,163
shape,163
aliv,163
ident,163
detect,163
roman,163
alan,162
congress,162
wire,162
opposit,162
trial,162
conflict,162
rose,162
dark,161
surviv,161
uni,161
opportun,161
heaven,161
heavi,161
edward,161
telephon,161
daili,161
hardli,161
compon,161
rare,161
vax,161
remind,160
presum,160
russian,160
etern,160
motherboard,160
reveal,160
solv,160
fool,159
warrant,159
keyboard,159
orient,159
music,158
umd,158
allen,158
jet,158
ci,158
incid,158
button,158
larri,158
zero,158
island,158
soviet,158
parallel,158
mount,158
sig,158
accid,157
drink,157
began,157
max,157
crypto,157
explan,157
scale,157
iii,157
progress,157
random,157
routin,157
crash,157
laboratori,156
legitim,156
relationship,156
profession,156
sunday,156
planet,156
balanc,156
spirit,156
edg,156
adapt,155
advertis,155
hasn,155
schedul,155
wheel,155
pub,155
grow,155
channel,155
bmw,155
yesterday,155
reaction,155
boot,155
holi,154
babi,154
manner,154
austin,154
kevin,154
shop,154
cheaper,154
gordon,153
cat,153
british,153
processor,153
troop,153
editor,153
nazi,153
broken,153
anymor,153
hang,153
van,153
achiev,152
guid,152
consum,152
mar,152
pgp,152
laugh,152
doctrin,152
henri,152
arizona,152
contradict,152
assembl,152
ted,152
odd,151
firearm,151
cco,151
acceler,151
complain,151
task,151
ran,151
threat,151
sick,151
turkish,150
comparison,150
dream,150
ryan,150
med,150
anonym,150
vari,149
regul,149
length,149
compuserv,149
caught,149
german,149
circuit,149
corner,149
blow,149
decent,149
calcul,148
border,148
navi,148
energi,148
fred,148
capit,148
survivor,148
prior,147
biblic,147
attach,147
assault,147
pen,147
multi,147
adjust,147
reli,147
consult,146
occupi,146
familiar,146
cop,146
asid,146
shift,146
magnu,146
conduct,146
dougla,146
smaller,146
summer,145
budget,145
jay,145
expans,145
varieti,145
atheism,145
reserv,145
mix,145
vga,144
bnr,144
consequ,144
numer,144
martin,144
hook,144
confirm,144
ancient,144
kent,144
silver,143
craig,143
kick,143
seat,143
ranger,143
cambridg,143
lo,143
specifi,143
stone,142
male,142
funni,142
element,142
pixel,142
catch,142
ice,142
idiot,142
liter,142
tek,142
hall,142
equival,141
shut,141
nois,141
lay,141
brave,141
honest,141
johnson,141
wiretap,141
jason,141
twice,141
coverag,141
amaz,141
fed,141
cult,140
session,140
australia,140
victim,140
regardless,140
ring,140
feed,140
billion,140
declar,140
cathol,140
jose,140
gif,140
sky,140
afraid,140
overal,139
elimin,139
permit,139
attribut,139
exchang,139
apolog,139
travel,138
tear,138
afford,138
band,138
expand,138
ecn,138
revers,138
app,138
facil,138
joke,138
deep,138
moon,138
arriv,138
spring,137
toni,137
felt,137
label,137
wind,136
wayn,136
condemn,136
procedur,136
latter,136
distanc,136
loui,136
seal,136
mari,136
paint,136
bio,136
rise,136
prohibit,136
finger,136
senat,136
unknown,136
univ,135
neighbor,135
matt,135
greek,135
bruce,135
phrase,135
movement,135
wood,135
hint,135
battl,135
unabl,134
byte,134
harri,134
resid,134
cap,134
trick,134
soldier,134
batteri,134
shame,134
contrari,134
penalti,134
bush,133
roll,133
concentr,133
supposedli,133
club,133
elect,133
remark,133
plenti,133
visibl,133
bomb,132
patrick,132
newspap,132
promot,132
vers,132
root,132
staff,132
client,132
pray,132
split,131
aw,131
driven,131
mouth,131
stage,131
henc,131
threaten,131
cornel,131
prism,131
csd,131
hide,131
rain,131
passag,131
pop,131
font,131
chemic,131
ourselv,130
alleg,130
instrument,130
frame,130
armenian,130
rear,130
doc,130
canadian,130
spell,130
failur,130
june,130
rick,129
ration,129
compet,129
accus,129
deriv,129
de,129
cooper,129
bigger,129
assur,128
literatur,128
privaci,128
engag,128
ford,128
nyx,128
armenia,128
sleep,128
contract,128
stratu,127
sad,127
atlanta,127
ensur,127
ultim,127
insert,127
liberti,127
violenc,127
closer,127
inch,127
vision,126
effici,126
render,126
silli,126
ban,126
seven,126
utexa,126
primari,126
strongli,126
flight,126
villag,126
strike,125
scan,125
impact,125
terribl,125
movi,125
sentenc,125
broadcast,125
sensit,125
advoc,125
turk,125
moder,125
sole,125
pitcher,124
rochest,124
territori,124
clark,124
journal,124
classic,124
fellow,124
panel,124
detroit,124
trip,124
rid,124
minim,124
hospit,123
interview,123
blind,123
default,123
estim,123
negoti,123
speech,123
fundament,123
glad,123
hill,123
demon,123
macintosh,123
committe,123
exercis,122
conclud,122
writer,122
pound,122
agreement,122
wise,122
stuck,122
ticket,122
illinoi,122
credit,121
conveni,121
sam,121
terror,121
jpl,121
fuel,121
correspond,121
spencer,121
stanley,121
ranch,121
percent,121
massacr,120
frequenc,120
stock,120
satan,120
lawrenc,120
interact,120
annoy,120
presenc,120
wild,120
surrend,119
wisdom,119
tree,119
proven,119
civilian,119
emot,119
umich,119
shuttl,119
specul,119
super,119
throughout,119
mirror,119
ontario,119
core,119
vice,119
visual,118
zip,118
notion,118
terrorist,118
neg,118
bay,118
trace,118
corrupt,118
amateur,118
cycl,118
ridicul,118
highest,118
palestinian,117
whenev,117
destruct,117
widget,116
previous,116
plane,116
psycholog,116
favorit,116
skeptic,116
distinct,116
rush,116
substanti,116
brad,116
filter,116
mainli,116
platform,116
duti,116
violent,116
export,116
draft,115
repair,115
walker,115
adob,115
iron,115
aim,115
newton,115
satellit,115
pack,115
forev,115
guilti,115
cri,115
suck,114
convent,114
udel,114
packet,114
injuri,114
skill,114
shit,114
lawyer,114
anderson,114
dale,114
davi,113
protest,113
uchicago,113
giant,113
entri,113
biggest,113
convict,113
upenn,112
england,112
lucki,112
buck,112
clue,112
accomplish,112
taught,112
crazi,112
girl,112
rotat,112
philosophi,112
mid,112
clh,112
chapter,112
director,112
motor,112
incred,112
honda,111
introduc,111
circumst,111
struggl,111
houston,111
restor,111
ill,111
randi,111
isa,111
dear,111
fee,111
mental,111
elsewher,111
chief,111
surround,111
complic,111
miller,110
patch,110
truck,110
slot,110
irrelev,110
tonight,110
smoke,110
transmit,110
dri,110
isc,110
invent,110
possess,110
exclus,110
pair,110
comfort,110
semi,110
eight,110
rumor,110
georgia,110
graham,110
dozen,109
camp,109
transmiss,109
toler,109
cach,109
primarili,109
submit,109
tough,109
iastat,109
ass,109
loos,109
christoph,109
marc,109
netter,109
conserv,109
weird,109
ideal,109
brief,109
legisl,108
vm,108
domin,108
significantli,108
foot,108
useless,108
camera,108
enabl,108
career,108
perri,108
jonathan,108
metal,108
divid,108
approxim,108
rape,108
attend,108
emerg,108
preserv,107
chain,107
enhanc,107
grace,107
simm,107
competit,107
crack,107
forgot,107
dean,107
graduat,107
mathemat,107
worship,107
understood,107
signatur,106
laser,106
captur,106
fidonet,106
psu,106
harder,106
evalu,106
workstat,106
judgement,106
constant,106
pattern,106
rider,106
satisfi,106
menu,105
massiv,105
dividian,105
nec,105
minimum,105
duke,105
suddenli,105
complaint,105
ncsu,105
experienc,105
geneva,104
clayton,104
vancouv,104
encount,104
audio,104
maximum,104
zone,104
sheet,104
drag,104
depth,104
influenc,104
copyright,104
skin,104
thanx,104
mon,104
profit,104
circl,104
penguin,104
extermin,104
extent,103
speaker,103
explor,103
gateway,103
gear,103
francisco,103
slower,103
shaft,103
superior,103
beauti,102
prison,102
floor,102
seattl,102
dare,102
nuclear,102
ame,102
gonna,102
turbo,102
campaign,102
bag,102
sharewar,102
gather,102
attract,102
vendor,102
juli,102
plate,101
arrang,101
counter,101
decad,101
arrest,101
colost,101
bore,101
bless,101
nose,101
absurd,101
turkey,101
flat,101
centri,101
leaf,101
accuraci,100
bound,100
backup,100
tactic,100
grab,100
till,100
paragraph,100
dont,100
regularli,100
motorola,100
wound,100
invest,100
arc,100
usc,100
rout,100
classifi,99
allan,99
sight,99
qualifi,99
spiritu,99
lanc,99
philosoph,99
weekend,99
kenneth,99
film,99
suno,99
reform,99
smart,99
mess,99
amiga,99
philadelphia,98
gold,98
ladi,98
discrimin,98
magic,98
hawk,98
in,98
flash,98
cell,98
adult,98
kit,98
pointer,98
squar,98
sequenc,98
patent,98
expos,98
cook,98
settl,98
disabl,98
tune,97
attorney,97
intel,97
leg,97
delay,97
disappear,97
steal,97
raid,97
ama,97
excit,97
mysteri,97
fortun,97
databas,97
permiss,97
inspir,97
kingdom,97
hmmm,97
soni,97
divin,97
dump,97
chose,97
compromis,96
survey,96
disput,96
jone,96
bias,96
newer,96
carter,96
crap,96
affair,96
portion,96
quadra,96
utoronto,96
pad,96
forum,96
coach,96
msu,96
flaw,96
nick,96
enemi,96
dictionari,96
hmm,96
perspect,95
whoever,95
acc,95
uga,95
partial,95
chosen,95
cryptographi,95
ain,95
lewi,95
ethic,95
experiment,95
astro,95
stolen,95
democrat,95
mad,95
verifi,95
suicid,95
temperatur,95
engr,95
honor,95
foundat,95
flow,95
minnesota,95
ucsd,95
fourth,95
prb,95
comm,95
alter,95
mcgill,95
intellectu,94
intens,94
postscript,94
montreal,94
grand,94
princeton,94
modul,94
serdar,94
centr,94
morri,94
strip,94
portal,94
thrown,94
mutual,94
binari,93
registr,93
scratch,93
indian,93
carleton,93
dynam,93
amp,93
nine,93
optilink,93
forsal,93
jersey,93
furthermor,93
august,93
unusu,93
annual,93
wisc,93
chuck,93
cramer,93
similarli,92
buffer,92
prime,92
exit,92
voltag,92
sec,92
index,92
uci,92
argic,92
forth,92
drawn,92
sternlight,92
florida,92
warm,92
sake,92
prophet,92
franc,92
clinic,92
bosnia,92
hunt,92
motion,92
russel,92
breath,91
mask,91
plant,91
acknowledg,91
marri,91
ordinari,91
jerri,91
occup,91
desktop,91
ncr,91
deliber,91
ear,91
swap,91
french,91
difficulti,91
stabl,91
gap,91
empir,91
lake,91
astronomi,91
solar,91
den,91
icon,91
symbol,91
categori,91
handgun,91
hugh,90
gerald,90
bruin,90
brake,90
prayer,90
carl,90
fifth,90
loop,90
resolv,90
uniqu,90
acquir,90
diet,90
perman,90
gospel,90
onlin,90
justif,90
storag,90
plastic,90
huh,90
followup,90
wilson,90
bond,90
ethnic,90
protocol,90
slave,90
zoo,89
sandvik,89
transport,89
deliv,89
pool,89
mph,89
coordin,89
northern,89
suitabl,89
manipul,89
diamond,89
heck,89
partner,89
socket,89
portabl,89
cash,89
sub,89
theolog,89
trap,89
hitter,89
espn,88
tube,88
inher,88
sincer,88
focu,88
fell,88
empti,88
invit,88
revis,88
saturn,88
string,88
genesi,88
republ,88
rent,88
slaughter,88
friday,88
professor,87
spare,87
insult,87
broke,87
connector,87
download,87
implic,87
michigan,87
tast,87
london,87
psuvm,87
mormon,87
libertarian,87
wherea,87
lift,86
televis,86
stretch,86
firm,86
scare,86
abort,86
vnet,86
decreas,86
distinguish,86
leland,86
pete,86
council,86
boulder,86
alot,86
invad,86
aaron,86
cdt,86
spoke,85
arrog,85
rice,85
variabl,85
propaganda,85
subscrib,85
southern,85
friendli,85
height,85
dick,85
holocaust,85
impos,85
alexand,85
proud,85
ingr,85
warranti,85
hidden,84
eastern,84
marriag,84
ottawa,84
bright,84
acn,84
horribl,84
sabr,84
ultra,84
era,84
secretari,84
appeal,84
assign,84
header,84
symptom,84
coast,84
revel,84
entiti,84
fish,84
sector,84
occasion,84
saturday,84
greatest,84
intellect,84
transform,84
quiet,84
strategi,84
miracl,84
clip,84
zuma,83
testament,83
publicli,83
cam,83
economi,83
quantum,83
wow,83
detector,83
tortur,83
unc,83
employe,83
janet,83
hair,83
tip,83
bullet,83
strnlght,83
atmospher,83
ltd,83
hay,82
birth,82
jumper,82
steel,82
colour,82
apollo,82
hebrew,82
offend,82
tomorrow,82
oakland,82
piss,82
gene,82
tuesday,82
usag,82
entitl,82
advis,82
alaska,82
convex,82
sera,82
tower,82
phoenix,82
biolog,82
artifici,82
beast,82
mitr,82
union,81
shadow,81
crowd,81
sparc,81
templ,81
biker,81
chem,81
schneider,81
watson,81
photo,81
ratio,81
husband,81
bitmap,81
ought,81
gee,81
sean,81
radar,81
horizont,81
invas,81
habit,81
equat,81
bull,81
exclud,81
hitler,81
beer,81
gift,81
senior,81
famou,81
lean,81
worker,80
sol,80
devot,80
commonli,80
candid,80
highway,80
saint,80
tavar,80
cage,80
scene,80
angl,80
strength,80
josh,80
wright,80
hire,80
radiat,80
philli,80
uwo,80
farm,80
stereo,80
vast,80
avenu,80
substanc,80
infinit,80
nichol,80
valv,80
jimmi,80
vertic,80
everywher,80
soft,80
guard,80
hatr,80
orion,80
yale,80
clone,80
panix,80
sa,79
adopt,79
japan,79
click,79
novel,79
neat,79
fuck,79
exhaust,79
infant,79
wpd,79
shock,79
sweden,79
helmet,79
fanci,79
pump,79
nowher,79
hat,78
confid,78
infect,78
revolut,78
beach,78
physician,78
alchemi,78
todd,78
characterist,78
decemb,78
shield,78
geb,78
roughli,78
resembl,78
japanes,78
fashion,78
nut,78
roy,78
persecut,78
entertain,78
healthi,78
incorrect,78
theoret,78
global,78
interrupt,77
ati,77
soc,77
tight,77
monday,77
greet,77
timothi,77
pose,77
introduct,77
bryan,77
hadn,77
oblig,77
margin,77
quebec,77
freeli,77
rank,77
nonsens,77
row,77
howard,77
pilot,77
spacecraft,77
svga,77
sir,77
substitut,76
reput,76
stronger,76
int,76
amus,76
cal,76
anger,76
baltimor,76
walter,76
stein,76
preach,76
ethernet,76
dot,76
govt,76
simul,76
financi,76
sharp,76
chemistri,76
chi,76
interfer,76
dumb,76
tar,76
weather,76
wash,75
fri,75
bobbi,75
russia,75
enterpris,75
champion,75
distort,75
award,75
ohanu,75
log,75
nativ,75
sahak,75
femal,75
cancer,75
explos,75
appressian,75
talent,75
radic,75
donald,75
environment,75
melkonian,75
cast,75
valuabl,75
alcohol,75
blank,75
cylind,74
bi,74
viewer,74
cica,74
repost,74
dartmouth,74
januari,74
subsequ,74
agenda,74
bare,74
diego,74
thru,74
narrow,74
csc,74
informatik,74
baker,74
incorpor,74
cnn,74
reno,74
pipe,74
dual,74
ave,74
ann,73
wrap,73
santa,73
bird,73
earn,73
jan,73
grate,73
plot,73
consent,73
phase,73
campu,73
winnipeg,73
drove,73
hostil,73
xterm,73
cellular,73
winner,73
tini,73
jhu,73
priest,73
ruin,73
galaxi,73
februari,73
fiction,73
stream,73
thursday,73
storm,73
repeatedli,73
tommi,73
inhabit,73
glass,72
ascii,72
leo,72
incom,72
aurora,72
aka,72
excess,72
uniform,72
bradley,72
upset,72
goali,72
neutral,72
extract,72
livesey,72
boe,72
beta,72
fulfil,72
jerusalem,72
uwaterloo,72
conceiv,72
resurrect,72
rev,72
min,72
pyramid,72
quantiti,72
vesa,72
fanat,72
igc,72
trash,72
behaviour,72
eff,72
apc,72
kinda,72
scholar,71
runner,71
twin,71
wustl,71
tail,71
denni,71
nra,71
dust,71
inning,71
horn,71
abstract,71
pacif,71
watt,71
isol,71
linux,71
hudson,71
monash,71
murray,71
bone,71
shoulder,71
barri,71
adequ,71
dictat,71
maynard,71
frustrat,71
react,71
cloth,71
alien,71
golden,70
elev,70
slip,70
meter,70
desk,70
nasti,70
paramet,70
bash,70
utk,70
cray,70
ben,70
immor,70
rifl,70
toss,70
jackson,70
badli,70
ministri,70
bellcor,70
larc,70
victori,70
rit,70
acid,70
differenti,70
investor,70
preced,70
rpi,70
solntz,69
spin,69
ufl,69
charli,69
stewart,69
proclaim,69
insight,69
segment,69
wed,69
irvin,69
salvat,69
upper,69
silenc,69
burst,69
inevit,69
volunt,69
occas,69
cure,69
desert,69
composit,69
ton,69
clutch,69
gregori,69
blast,69
danc,69
andr,69
simultan,69
constantli,68
canon,68
leadership,68
decod,68
snail,68
atom,68
disappoint,68
zeu,68
aix,68
paranoid,68
evan,68
handi,68
secondli,68
yanke,68
dismiss,68
nmsu,68
mag,68
gotta,68
outcom,68
suprem,68
gate,68
hst,68
hacker,68
flag,68
arthur,68
echo,68
xlib,67
umn,67
amplifi,67
acsu,67
academ,67
formal,67
albert,67
nih,67
behav,67
spi,67
silent,67
carson,67
nearbi,67
stealth,67
jordan,67
anthoni,67
aris,67
starter,67
stress,67
crew,67
persist,67
contend,67
grade,67
bandwidth,67
character,67
conceal,67
brent,67
lesson,67
vlb,67
midway,67
raw,67
snow,67
relief,67
ala,67
fat,67
pursu,67
catalog,67
usr,67
philip,67
capac,67
heavili,67
refut,66
evolut,66
scream,66
sox,66
winter,66
sat,66
nelson,66
river,66
vol,66
norton,66
rough,66
passeng,66
dc,66
aggress,66
null,66
optim,66
toyota,66
ramsey,66
theodor,66
quarter,66
twist,66
marin,66
zealand,66
threw,66
oppon,66
butt,66
bia,66
esp,66
oac,66
medium,66
decrypt,66
brett,66
array,66
explicitli,66
strictli,66
succeed,66
rip,66
orthodox,66
cube,66
myth,66
bosnian,66
wednesday,65
conner,65
angri,65
pretend,65
thumb,65
domest,65
knee,65
dirti,65
cpr,65
cia,65
maker,65
float,65
iisi,65
emul,65
palestin,65
whatsoev,65
forgiv,65
joint,65
burden,65
appoint,65
mileag,65
buri,65
conspiraci,65
comprehens,65
wake,65
powerbook,65
micro,65
luke,65
inject,65
afterward,65
nevertheless,65
eagl,65
resort,65
shelf,65
silicon,64
toolkit,64
calgari,64
merit,64
terri,64
illustr,64
vo,64
diagnos,64
steer,64
descend,64
samuel,64
dalla,64
uoknor,64
slight,64
molest,64
broad,64
void,64
probe,64
minist,64
gen,64
repent,64
architectur,64
cadr,64
que,64
viru,64
imo,64
rat,64
acad,64
trend,64
theist,64
sum,64
obey,64
junk,64
pocket,63
tamu,63
tiff,63
sponsor,63
lane,63
mathew,63
col,63
absenc,63
alink,63
testimoni,63
grey,63
lib,63
idl,63
perceiv,63
ece,63
mario,63
sacrific,63
cub,63
pit,63
alex,63
mapl,63
chastiti,63
affili,63
volt,63
injur,63
thunder,62
fpu,62
recov,62
moslem,62
jupit,62
contrast,62
prompt,62
baud,62
sdpa,62
dseg,62
humor,62
bounc,62
teacher,62
temporari,62
demo,62
fsu,62
div,62
bmp,62
declin,62
abandon,62
rgb,62
fatal,62
beam,62
tone,62
pope,62
hung,62
finland,62
holland,62
largest,62
ira,61
ownership,61
counti,61
boost,61
axe,61
muscl,61
invalid,61
blown,61
trivial,61
daughter,61
bang,61
jxp,61
cunixb,61
scenario,61
versu,61
scanner,61
fnal,61
cloud,61
slide,61
beg,61
buyer,61
slowli,61
apostl,61
jail,61
moron,61
jake,61
twenti,61
exposur,61
rep,61
selann,61
msg,61
taylor,61
olchowi,61
lobbi,61
gang,61
growth,61
hal,60
prospect,60
surgeri,60
wpi,60
defeat,60
admin,60
mitchel,60
logo,60
edmonton,60
syndrom,60
switzerland,60
forgotten,60
loud,60
ugli,60
propuls,60
automobil,60
dial,60
batter,60
lemieux,60
democraci,60
disregard,60
ralph,60
levin,60
murphi,60
glori,60
collaps,60
celebr,60
fascist,60
hamilton,60
factori,60
serb,60
dramat,60
poll,60
jsc,60
simon,60
freeman,60
dsl,59
accident,59
summar,59
ideolog,59
reward,59
bulletin,59
righteou,59
inclin,59
static,59
endors,59
compel,59
password,59
inn,59
con,59
cardin,59
inflat,59
membership,59
seed,59
tue,59
weigh,59
politician,59
bind,59
lc,59
graviti,59
sfu,59
laurentian,59
oak,59
widespread,59
mercuri,59
enlighten,59
arbitrari,59
rod,59
criteria,59
anecdot,59
garbag,59
rubber,59
outlin,59
hunter,59
ceas,59
expir,59
exe,59
glenn,59
meaningless,59
spectrum,58
ext,58
up,58
sister,58
chen,58
da,58
septemb,58
vagu,58
obo,58
reset,58
antenna,58
neil,58
densiti,58
lehigh,58
elabor,58
franci,58
princ,58
egypt,58
nsmca,58
joel,58
uic,58
poison,58
necess,58
openwindow,58
percept,58
golchowi,58
swing,58
pt,58
pc,58
emphasi,58
athen,58
seper,57
outlaw,57
unto,57
hopkin,57
chair,57
sender,57
disast,57
fewer,57
novemb,57
pascal,57
vram,57
peak,57
alpha,57
bastard,57
utah,57
skip,57
dig,57
norman,57
jeffrey,57
lunar,57
curv,57
oppress,57
enet,57
puck,57
rsa,57
flyer,57
analyz,57
campbel,57
shade,57
inexpens,57
compos,57
eo,57
login,56
borrow,56
lebanon,56
reduct,56
stack,56
alloc,56
malcolm,56
assess,56
packard,56
smooth,56
speci,56
hors,56
shout,56
gsfc,56
thermal,56
eec,56
reed,56
urg,56
willi,56
erik,56
ward,56
isi,56
norri,56
sail,56
insan,56
oop,56
sudden,56
stood,56
sophist,56
naiv,56
zionist,56
realist,56
ian,56
hut,56
hack,56
ross,56
valley,56
abid,56
cartridg,56
dedic,56
mistaken,56
duo,56
wanna,56
honestli,56
column,56
disturb,55
rumour,55
incompat,55
ericsson,55
startup,55
messiah,55
warren,55
footbal,55
nist,55
optic,55
photograph,55
exhibit,55
grenad,55
ksand,55
uicvm,55
bullshit,55
gore,55
lamp,55
craft,55
district,55
viewpoint,55
unbeliev,55
amongst,55
frighten,55
script,55
cursor,55
dwyer,54
width,54
defect,54
mainten,54
nope,54
worthless,54
clarifi,54
mandat,54
zoolog,54
royal,54
wam,54
octob,54
gut,54
horror,54
sooner,54
roof,54
linear,54
keyword,54
trigger,54
jefferson,54
invok,54
pan,54
obscur,54
sink,54
alik,54
retain,54
depress,54
derek,54
garag,54
feasibl,54
republican,54
divers,54
credibl,54
belt,54
superstit,54
yellow,53
fox,53
vike,53
turner,53
regim,53
aisun,53
authent,53
overwhelm,53
len,53
labor,53
rushdi,53
phi,53
chines,53
nomin,53
yamaha,53
genet,53
irrat,53
correl,53
sustain,53
inner,53
stan,53
config,53
utzoo,53
deposit,53
fallaci,53
dal,53
worthi,53
semit,53
concret,53
digest,53
puzzl,53
shortli,53
ucsu,53
discount,53
moreov,53
node,53
refresh,53
msdo,53
utter,53
champ,53
controversi,52
beyer,52
skate,52
sigh,52
salt,52
quack,52
evolv,52
russ,52
morgan,52
pirat,52
bp,52
eve,52
oracl,52
rocki,52
fruit,52
psi,52
dunn,52
fundamentalist,52
asd,52
socialist,52
sword,52
sweep,52
drew,52
suppress,52
heterosexu,52
fraction,52
dodg,52
sensor,52
rtsg,52
harley,52
yield,52
tour,52
proport,52
variat,52
primit,52
feb,52
communist,52
venu,52
homer,52
fantasi,52
disgust,52
encod,52
holder,52
tiger,52
sinner,52
missouri,52
sue,52
fallen,52
covington,52
irq,51
pasadena,51
transact,51
fresh,51
thin,51
manti,51
grave,51
atroc,51
gnu,51
nerv,51
dirt,51
lifetim,51
phenomenon,51
brook,51
dpi,51
unm,51
reciev,51
afternoon,51
formerli,51
guilt,51
neck,51
massachusett,51
secondari,51
drain,51
abc,51
explod,51
shark,51
aircraft,51
gaza,51
armor,51
tremend,51
beleiv,51
racism,51
tragedi,51
eugen,51
fold,51
temp,51
khz,50
jerk,50
oregon,50
harvey,50
bottl,50
legend,50
incident,50
tclock,50
charter,50
vandal,50
merci,50
calpoli,50
mcovingt,50
dimens,50
arena,50
netnew,50
lip,50
readm,50
discipl,50
lunch,50
netherland,50
berlin,50
therapi,50
earl,50
kim,50
sni,50
oliv,50
bobb,50
audienc,50
chamber,50
einstein,50
deed,50
africa,50
okstat,50
handheld,50
pollut,50
pari,50
queen,50
intercept,50
boss,50
excerpt,50
immun,50
felix,50
dialog,50
wwii,50
elia,50
explicit,50
joy,50
carrier,50
ignit,49
relay,49
egreen,49
scope,49
puls,49
collis,49
golf,49
chase,49
trw,49
passion,49
denver,49
provis,49
likewis,49
sticker,49
inquiri,49
srl,49
retriev,49
ronald,49
geometri,49
fate,49
eas,49
prais,49
captain,49
enorm,49
payload,49
interior,49
microwav,49
azeri,49
dir,49
kmr,49
lonestar,49
prejudic,49
glove,49
defenc,49
ref,49
sacr,49
mip,49
boundari,49
ysu,49
judgment,49
risc,49
mi,49
ceremoni,49
gregg,49
zoom,49
serbian,49
toal,49
gtoal,49
riot,49
ssd,49
pot,49
moor,49
cnsvax,48
layout,48
acpub,48
tripl,48
genuin,48
alli,48
monthli,48
homeland,48
mighti,48
ursa,48
virgin,48
lciii,48
revenu,48
bizarr,48
crystal,48
ec,48
ccu,48
struck,48
premis,48
seagat,48
discharg,48
mankind,48
gray,48
marshal,48
jacket,48
personnel,48
hewlett,48
oxford,48
youth,48
princip,48
retail,48
collin,48
bench,48
oiler,48
desper,48
grief,48
uwec,48
discoveri,48
bigot,48
suspens,48
strict,48
crush,48
militia,48
tab,48
fled,48
rpm,48
layer,48
agnost,48
exceed,48
leak,48
contradictori,48
prize,47
feedback,47
commiss,47
re,47
yfn,47
weekli,47
rapidli,47
robin,47
span,47
lang,47
clarkson,47
accompani,47
redirect,47
cbr,47
denial,47
coffe,47
crisi,47
pinch,47
meanwhil,47
essenc,47
ninja,47
fischer,47
grew,47
mach,47
cruis,47
confess,47
curti,47
admir,47
killer,47
distant,47
cleans,47
seiz,47
teeth,47
yeast,47
magnet,47
outrag,47
gross,47
represent,47
neighborhood,47
transit,47
readili,47
itali,47
crypt,47
astronom,47
yard,47
yell,47
telescop,47
danni,47
jpeg,47
fluid,47
ucsc,47
neglig,47
deepli,47
boni,47
collabor,47
confront,47
gamma,47
dealt,47
prosecut,47
hammer,46
recognit,46
galileo,46
newslett,46
blaze,46
dress,46
creator,46
thor,46
desi,46
uhura,46
wax,46
lowest,46
retir,46
gui,46
mchp,46
approx,46
nov,46
exploit,46
emphas,46
shack,46
consensu,46
reboot,46
methodolog,46
cent,46
plausibl,46
ubc,46
alarm,46
contrib,46
xview,46
carolina,46
dev,46
mainstream,46
coat,46
hart,46
kirk,46
queri,46
bernard,46
flee,46
cbnewsj,46
orang,46
altogeth,46
hawaii,46
begun,46
intrins,46
ico,46
vital,46
sherri,46
someday,46
calvin,46
usl,46
swear,46
telnet,45
spoken,45
vacuum,45
racial,45
barrel,45
perpetr,45
paraphras,45
manifest,45
lung,45
thick,45
launcher,45
cad,45
deficit,45
intervent,45
hallam,45
paranoia,45
modif,45
compact,45
bed,45
museum,45
reagan,45
endor,45
cant,45
yep,45
palmer,45
coincid,45
mat,45
greec,45
cactu,45
ultb,45
azerbaijan,45
suspici,45
eskimo,45
withdraw,45
fisher,45
conform,45
lockhe,45
est,45
flip,45
toxic,45
eisa,45
resistor,45
ussr,45
heal,45
younger,45
liquid,45
kennedi,45
briefli,45
song,45
magnitud,45
patriot,45
propheci,45
sic,45
diplomat,45
cliff,45
benedikt,44
blew,44
livni,44
nova,44
triangl,44
cherri,44
veal,44
wade,44
dodger,44
guru,44
thou,44
mlb,44
cit,44
flesh,44
tendenc,44
mvp,44
closest,44
hypothesi,44
iraq,44
asshol,44
circular,44
fastest,44
timer,44
crucial,44
mini,44
ir,44
bolt,44
batman,44
pseudo,44
cancel,44
kodak,44
bil,44
reproduc,44
handbook,44
maryland,44
trail,44
sadli,44
photographi,44
guidelin,44
toy,44
nissan,44
racist,44
britain,44
wherev,44
proprietari,44
prioriti,44
dorothi,44
wang,43
diagram,43
omiss,43
urartu,43
compens,43
neglect,43
bundl,43
guest,43
vela,43
remedi,43
gardner,43
ct,43
kingston,43
horu,43
gretzki,43
cae,43
nixon,43
chopin,43
thompson,43
candida,43
iran,43
ifi,43
hype,43
bridg,43
stamp,43
invis,43
gradual,43
solder,43
shed,43
historian,43
chest,43
creatur,43
nyc,43
usabl,43
tall,43
recoveri,43
grip,43
titan,43
scout,43
chart,43
persuad,43
lb,43
poorli,43
nail,43
beaten,43
moham,43
worthwhil,43
combat,43
ubvmsb,43
profil,43
garnet,43
fido,43
canuck,43
vincent,43
discourag,43
scroll,43
boom,43
hero,42
jmd,42
specialist,42
creativ,42
juri,42
fake,42
behalf,42
cobb,42
bite,42
uki,42
denomin,42
acm,42
fraser,42
secular,42
garden,42
multimedia,42
snake,42
fuhr,42
claremont,42
quotat,42
graph,42
osrh,42
profess,42
sheep,42
rooki,42
awesom,42
polygon,42
milwauke,42
outer,42
deploy,42
grad,42
ami,42
refuge,42
pardon,42
utkvm,42
ist,42
hood,42
mexico,42
editori,42
pink,42
innov,42
flavor,42
pile,42
pioneer,42
cryptograph,42
liar,42
rigel,42
admiss,42
omit,42
gilmour,42
utterli,42
safer,42
ulowel,42
li,42
shearson,42
infer,42
maxtor,42
okcforum,42
urban,42
fascin,42
potvin,42
gulf,42
kelvin,42
freez,42
slick,42
highlight,42
husc,42
geoff,42
partit,42
loser,42
murdoch,42
singer,41
lpl,41
piti,41
stadium,41
underli,41
headach,41
judaism,41
shorter,41
kelli,41
quest,41
bo,41
linu,41
wipe,41
robot,41
psalm,41
nutrit,41
autom,41
co,41
ghost,41
triumph,41
flexibl,41
renew,41
han,41
mobil,41
mcrcim,41
firmli,41
promiscu,41
leather,41
clarif,41
assassin,41
marcu,41
mustang,41
hydra,41
deliveri,41
phill,41
lincoln,41
technician,41
meat,41
goaltend,41
affirm,41
surveil,41
der,41
robinson,41
umanitoba,41
bin,41
peripher,41
clement,41
pgf,41
heali,41
noisi,41
automot,41
pride,41
newli,41
radiu,41
lesser,41
backward,41
ventur,41
unreason,41
adventur,41
edt,41
columbu,41
stove,41
urbana,40
sutherland,40
pixmap,40
therebi,40
formula,40
outlet,40
bureau,40
colleagu,40
ammunit,40
char,40
punch,40
trumpet,40
decay,40
cipher,40
lebanes,40
dbd,40
inabl,40
triniti,40
rbi,40
ini,40
inf,40
cmo,40
upload,40
yoyo,40
inquir,40
colormap,40
kurd,40
norway,40
wheeli,40
formul,40
ifa,40
eddi,40
salari,40
rub,40
lectur,40
resign,40
vacat,40
simpler,40
tissu,40
herself,40
ottoman,40
joshua,40
calm,40
minu,40
planetari,40
liabil,40
diagnost,40
african,40
shake,40
mom,40
meaning,40
terminolog,40
unus,40
restart,40
foolish,40
bach,40
metzger,40
mksol,40
censor,40
agat,40
systemat,40
journalist,40
reveng,40
nwu,40
supplier,40
mc,40
expo,40
coin,40
skipjack,40
donat,40
meyer,40
norm,40
focus,40
valentin,40
thirti,40
obedi,40
championship,40
arf,40
overlook,40
jurisdict,40
spook,40
stroke,40
tran,40
rapid,40
smyth,40
depriv,39
disprov,39
hab,39
smell,39
archi,39
artist,39
rosenau,39
darn,39
inter,39
aaa,39
compass,39
pickup,39
tribe,39
embarrass,39
stomach,39
interven,39
baptist,39
impair,39
dammit,39
reconcil,39
cac,39
tongu,39
herein,39
lui,39
underground,39
crosspost,39
arra,39
contest,39
vector,39
seventh,39
beauchain,39
sugar,39
dscomsa,39
lazi,39
ic,39
psych,39
opt,39
disord,39
anatolia,39
fort,39
diagnosi,39
tale,39
mob,39
ruth,39
noon,39
sing,39
inferior,39
sensibl,39
tor,39
frankli,39
thorough,39
laptop,39
circa,39
pennsylvania,39
intersect,39
solari,39
brandei,39
inflict,39
overtim,39
consciou,39
clever,39
align,39
tcp,39
richardson,39
latech,38
telecom,38
bust,38
ham,38
axi,38
fame,38
resum,38
fighter,38
brutal,38
episod,38
alert,38
addict,38
drill,38
await,38
nanci,38
misus,38
dislik,38
bigotri,38
cow,38
plo,38
scorer,38
tragic,38
hulman,38
inconsist,38
harddisk,38
submiss,38
jrm,38
veloc,38
syria,38
catcher,38
austria,38
tauru,38
oasi,38
pmetzger,38
jami,38
dogma,38
nowaday,38
wwc,38
mill,38
melbourn,38
rhetor,38
disguis,38
ludicr,38
rand,38
snark,38
dad,38
repress,38
chronic,38
laid,38
ocean,38
eli,38
raster,38
yup,38
multipli,38
cheat,38
deduct,38
uwm,38
notifi,38
latin,38
cynic,38
admittedli,38
jodi,38
uniti,38
leap,38
victoria,37
bookstor,37
ole,37
sp,37
chevi,37
domi,37
cigarett,37
jek,37
durat,37
owen,37
pour,37
infrastructur,37
matrix,37
cd,37
bd,37
chipset,37
bread,37
jean,37
frederick,37
supplement,37
seizur,37
soil,37
uxh,37
clarinet,37
karl,37
spray,37
outright,37
versa,37
ariel,37
sought,37
yugoslavia,37
induc,37
deck,37
welfar,37
solomon,37
warrior,37
unnecessari,37
matur,37
secreci,37
astronaut,37
oral,37
airport,37
atari,37
hatch,37
carpent,37
gcc,37
payment,37
swallow,37
forbid,37
arromde,37
umass,37
mlee,37
theme,37
treati,37
bait,37
corn,37
bloom,37
voluntari,37
inspect,37
grasp,37
kaldi,37
cryptosystem,37
pd,37
contractor,37
prof,37
freak,37
hazard,37
vcr,37
drunk,37
humbl,37
china,36
blade,36
childhood,36
dsp,36
debt,36
fabric,36
bloodi,36
easiest,36
deiti,36
uio,36
bogu,36
wive,36
pagan,36
ccwf,36
louisvil,36
microsystem,36
kpc,36
wet,36
particl,36
ucc,36
carbon,36
shotgun,36
deadli,36
gerri,36
oxygen,36
ponder,36
luxuri,36
weiss,36
maxim,36
chop,36
partli,36
discredit,36
svr,36
nearest,36
benchmark,36
sparcstat,36
mnemosyn,36
hamburg,36
uvic,36
stab,36
altitud,36
propon,36
mint,36
romulu,36
compli,36
pleasur,36
analyst,36
favour,36
nye,36
cute,36
quietli,36
theft,36
snap,36
le,36
lover,36
eliot,36
wuarchiv,36
mwm,36
spike,36
rant,36
thoroughli,36
choke,36
swedish,36
sweet,36
conscienc,36
coloni,36
illus,36
portland,36
needless,36
knive,36
rave,36
snichol,36
ucalgari,36
meantim,36
delta,36
bye,36
waterloo,36
thug,36
txt,35
revolt,35
bewar,35
worldwid,35
envelop,35
twelv,35
meal,35
tricki,35
smile,35
deleg,35
pant,35
coprocessor,35
obsolet,35
tempt,35
misunderstand,35
tedward,35
discret,35
pistol,35
baptism,35
royalroad,35
settlement,35
gld,35
cruncher,35
ncar,35
cont,35
rail,35
stsci,35
corinthian,35
slap,35
veteran,35
rescu,35
comet,35
eras,35
mpg,35
whine,35
iraqi,35
diskett,35
cec,35
consumpt,35
liu,35
mega,35
buzz,35
shaw,35
crari,35
smiley,35
nichola,35
annihil,35
geni,35
counterst,35
increasingli,35
dma,35
cruel,35
torqu,35
vfr,35
isl,35
unb,35
studio,35
neal,35
unfair,35
keeper,35
kernel,35
knife,35
girlfriend,35
cse,35
sunnyval,35
commentari,35
commerc,35
lion,35
easter,35
duck,35
charley,35
gibson,35
incompet,35
plagu,35
strnlghtc,35
ritual,35
consol,35
dbstu,35
bath,35
hub,35
ant,35
vulner,35
bout,35
hotel,35
gill,35
shirt,35
rainbow,35
missil,35
tad,35
panic,35
unclear,35
foul,34
buddi,34
hou,34
rkba,34
simplifi,34
restaur,34
overhead,34
amdahl,34
ver,34
disconnect,34
pegasu,34
ace,34
rage,34
ohm,34
abolish,34
gosh,34
provok,34
von,34
recognis,34
scatter,34
perish,34
marti,34
veget,34
alexia,34
gnv,34
thf,34
davidsson,34
retreat,34
listserv,34
quad,34
slam,34
fifti,34
mono,34
khan,34
revolutionari,34
administ,34
wingat,34
tmc,34
israelit,34
prone,34
hassl,34
absorb,34
dose,34
ocom,34
bgsu,34
jaeger,34
dawn,34
rome,34
bomber,34
evangel,34
dip,34
moscow,34
certifi,34
everyday,34
allergi,34
det,34
ubvm,34
mislead,34
wage,34
patienc,34
geograph,34
suffic,34
cod,34
ravel,34
esd,34
tmi,34
pig,34
circul,34
concis,34
sarcasm,34
intergraph,34
cord,34
nu,34
streak,34
uncl,34
prescrib,34
suspend,34
enclos,34
lighter,34
confidenti,34
ninth,34
polish,34
benjamin,34
disadvantag,34
robust,34
reilli,34
cole,34
ski,34
mystic,33
hog,33
arrow,33
allerg,33
infring,33
lethal,33
champaign,33
chill,33
cincinnati,33
osf,33
buphi,33
confisc,33
monu,33
anytim,33
richmond,33
ineffect,33
smuggl,33
rack,33
courtesi,33
thier,33
cordial,33
scari,33
egyptian,33
proverb,33
cor,33
defici,33
kurt,33
importantli,33
pertain,33
flood,33
ruler,33
metaphor,33
wisconsin,33
hurri,33
testifi,33
adher,33
krillean,33
slash,33
frost,33
verdict,33
arbor,33
accessori,33
julian,33
monochrom,33
hade,33
tent,33
shostack,33
wreck,33
spokesman,33
privileg,33
cbnew,33
infin,33
deeper,33
mozumd,33
daryl,33
dim,33
acquisit,33
destin,33
embed,33
alberta,33
inappropri,33
pov,33
mose,33
nubu,33
butcher,33
incarn,33
ulyss,33
passiv,33
headquart,33
crop,33
rex,33
georgetown,33
swim,33
beck,33
lerc,33
bsd,33
alabama,33
rwing,33
spite,33
mazda,33
congression,33
mss,33
pole,33
huji,33
disc,33
behanna,33
compris,33
uug,33
batch,33
franklin,33
seller,33
raider,33
apt,33
olson,33
strateg,33
mfm,33
jeremi,33
xenon,33
relax,32
christma,32
speedi,32
billboard,32
fermi,32
stole,32
mango,32
dunno,32
boat,32
cunyvm,32
integ,32
xor,32
phillip,32
observatori,32
sez,32
multitask,32
chao,32
crook,32
disciplin,32
vma,32
undergrad,32
drum,32
ing,32
aerospac,32
toll,32
fragment,32
subtl,32
overcom,32
atlantaga,32
lineup,32
tempest,32
sixth,32
blindli,32
pace,32
costli,32
transmitt,32
nextwork,32
activist,32
tenn,32
borland,32
xerox,32
mccall,32
cassett,32
chess,32
coup,32
bure,32
mild,32
nyi,32
enthusiast,32
pill,32
founder,32
ucla,32
dragon,32
kipl,32
hopper,32
uncomfort,32
atla,32
swiss,32
jyusenky,32
cellar,32
yank,32
wordperfect,32
carlo,32
ld,32
mate,32
slack,32
bean,32
lindro,32
citizenship,32
darren,32
lynn,32
lynx,32
kuo,32
strap,32
cla,32
comprehend,32
spdcc,32
tammi,32
nodomain,32
nake,32
accumul,32
brewer,32
myrto,32
ucsb,32
kaufman,32
bake,32
msc,32
casey,32
sect,32
nobl,32
daric,32
emit,32
bowl,32
reliev,32
cabinet,32
tea,32
mellon,32
susan,32
squeez,32
compaq,32
ualberta,32
tag,32
tension,32
diminish,32
cohen,32
mizzou,32
jbrown,32
throttl,32
cyberspac,32
smb,31
concordia,31
duplic,31
misinform,31
societ,31
conscious,31
robi,31
blah,31
notabl,31
franchis,31
dyer,31
sco,31
incap,31
sync,31
odin,31
penetr,31
coven,31
sei,31
perpetu,31
oulu,31
paradox,31
blvd,31
dock,31
kiss,31
lou,31
toilet,31
incent,31
pizza,31
forti,31
steam,31
saddam,31
cape,31
orchid,31
aol,31
factual,31
cart,31
blink,31
cypru,31
thesi,31
joystick,31
casual,31
ceccarelli,31
arabia,31
disagr,31
bellovin,31
deter,31
dude,31
shine,31
carnegi,31
bitch,31
bee,31
harass,31
geolog,31
rewrit,31
isu,31
mcc,31
heritag,31
roster,31
nyu,31
iici,31
friedman,31
calendar,31
bmd,31
brute,31
deem,31
fring,31
sphere,31
faculti,31
pregnant,31
virtu,31
syl,31
jbh,31
openli,31
qur,31
xdm,31
howland,31
oriol,31
nosubdomain,31
rap,31
lbl,31
fuzzi,31
academi,31
dryden,31
fought,31
bargain,31
trident,31
peer,31
prototyp,31
contamin,31
probert,31
wagon,31
dispos,31
oklahoma,31
synchron,31
troy,31
guitar,31
colon,31
statut,31
degrad,31
brinich,31
ambigu,31
cdc,31
betray,31
cheapest,31
frozen,31
continent,31
arithmet,31
rri,31
helicopt,31
glen,31
billi,31
micron,31
closet,31
rodney,31
karabakh,31
elvi,30
mason,30
dsd,30
ate,30
shopper,30
gilbert,30
iri,30
spit,30
uuencod,30
exot,30
hcf,30
folli,30
curs,30
breakdown,30
chronicl,30
hellman,30
collector,30
sand,30
nifti,30
bumper,30
ucdavi,30
moto,30
intuit,30
sheesh,30
newbi,30
pastor,30
ut,30
hostag,30
src,30
chariti,30
subset,30
cka,30
bedroom,30
government,30
intoler,30
sabbath,30
facto,30
coo,30
paradis,30
fortran,30
decnet,30
cab,30
wong,30
asleep,30
uva,30
wolv,30
oscil,30
fraud,30
polar,30
foster,30
gass,30
bass,30
lit,30
albeit,30
anon,30
deceiv,30
liver,30
justin,30
chunk,30
montana,30
qualcomm,30
competitor,30
overlap,30
aclu,30
confin,30
kimbark,30
thereof,30
brainwash,30
shawn,30
adress,30
wealth,30
sigma,30
nntp,30
harsh,30
pal,30
overli,30
pcx,30
breast,30
subscript,30
gentil,30
postag,30
steveh,30
knight,30
lame,30
eavesdrop,30
plaintext,30
byu,30
tighten,30
selfish,30
unarm,30
stephenson,30
buf,30
hendrick,30
sullivan,30
kendig,30
zionism,30
counsel,30
hama,30
benefici,30
exnet,30
vietnam,30
shelley,30
laughter,30
andrea,30
vest,30
lantern,30
ali,30
sympathi,30
hip,30
financ,30
muenchen,30
junior,30
whichev,30
api,30
elit,30
clemson,30
anticip,30
redesign,30
msstate,30
belov,30
broward,29
hull,29
passport,29
helsinki,29
sdcc,29
teenag,29
lightn,29
harmoni,29
ucar,29
reiter,29
claus,29
webster,29
fraer,29
provinc,29
cobra,29
taxpay,29
risen,29
reincarn,29
loan,29
vanish,29
stuart,29
irrit,29
contributor,29
retract,29
victor,29
lutheran,29
dumbest,29
bent,29
hussein,29
gestur,29
vh,29
ink,29
ale,29
chew,29
lan,29
fever,29
slaveri,29
subsid,29
kitchen,29
wider,29
nic,29
wherebi,29
wesleyan,29
intercon,29
obp,29
stockholm,29
courag,29
citat,29
er,29
egg,29
abraham,29
yuma,29
identif,29
drift,29
trunk,29
stabil,29
ego,29
kay,29
uta,29
lafontain,29
uupcb,29
asia,29
scrambl,29
hezbollah,29
crippl,29
anchor,29
grown,29
banschbach,29
inherit,29
tract,29
fork,29
holli,29
madison,29
clair,29
headlin,29
hartford,29
squad,29
shoe,29
contemporari,29
gem,29
protein,29
mod,29
lunat,29
istanbul,29
saudi,29
stacker,29
drake,29
fist,29
yzerman,29
dayton,29
ireland,29
preclud,29
megabyt,29
boyl,29
jagr,29
remaind,29
porsch,29
lend,29
accomod,29
impuls,29
bicycl,29
instant,29
seth,29
sdsu,29
speedstar,29
globe,29
oat,29
tampa,29
elizabeth,29
iowa,29
baalk,29
robbi,29
trim,29
soundblast,29
nathan,29
heap,29
grass,29
byler,29
ding,29
inconveni,29
lone,29
agricultur,29
isbn,29
expel,29
firstli,29
breaker,29
enact,29
miami,29
mailer,29
nyeda,28
dialogu,28
dna,28
nigel,28
trek,28
increment,28
sieg,28
adaptec,28
sydney,28
crown,28
cmuvm,28
yorku,28
teal,28
spanish,28
mice,28
monopoli,28
slmr,28
diamet,28
referenc,28
isaac,28
tate,28
molecular,28
reinstal,28
eager,28
slander,28
lpt,28
fcrari,28
supernatur,28
reproduct,28
schemat,28
keller,28
unaccept,28
burster,28
newest,28
imprison,28
maven,28
documentari,28
snyder,28
india,28
thee,28
lousi,28
happili,28
misconcept,28
dp,28
endur,28
horizon,28
plymouth,28
finit,28
ieee,28
ironi,28
unwil,28
amanda,28
concert,28
corps,28
embrac,28
ega,28
bullpen,28
kindli,28
nervou,28
governor,28
shai,28
sorenson,28
dull,28
pronounc,28
manhattan,28
savior,28
scoop,28
shred,28
apologist,28
dubiou,28
tobacco,28
torn,28
dawson,28
pointless,28
gover,28
upi,28
luther,28
wlsmith,28
wierd,28
vitamin,28
mentor,28
unicorn,28
daemon,28
milk,28
asham,28
boi,28
monster,28
proposit,28
allegedli,28
tout,28
heavier,28
syrian,28
escal,28
premium,28
capacitor,28
token,28
finn,28
pet,28
alic,28
contempl,28
disarm,28
toshiba,28
midi,28
mortal,28
ksu,28
squid,28
antonio,28
realis,28
hose,28
amherst,28
prescript,28
boomer,28
hypocrisi,28
fuse,28
hypothes,28
insul,28
freeway,28
myer,28
beep,28
llnl,28
birthday,28
exodu,28
bison,28
dariu,28
arnold,28
biochemistri,28
discern,28
framework,28
pa,28
ralli,28
lemon,28
pervers,28
miner,28
deputi,28
flew,28
ncsl,28
trivia,28
wale,28
halt,28
msfc,28
kratz,28
herd,27
caution,27
damnat,27
ncratl,27
crawl,27
gripe,27
hesit,27
dixon,27
safeguard,27
brilliant,27
suspicion,27
prostitut,27
nicknam,27
lawn,27
debunk,27
spark,27
blackhawk,27
stockpil,27
mosqu,27
ti,27
lifestyl,27
devis,27
bureaucrat,27
uea,27
bend,27
notebook,27
bump,27
adaptor,27
temporarili,27
lust,27
bishop,27
facilit,27
merg,27
sander,27
mozart,27
ergo,27
pluto,27
pursuit,27
chinet,27
licenc,27
emm,27
cone,27
righteous,27
tesla,27
stake,27
alfr,27
dive,27
replay,27
rebel,27
carb,27
cannon,27
aviat,27
metric,27
ccc,27
verbal,27
nurs,27
carpet,27
mixtur,27
cochran,27
abroad,27
incomplet,27
gp,27
barbara,27
hydro,27
serbia,27
textur,27
eclips,27
callison,27
behold,27
roth,27
scholarli,27
phenomena,27
contin,27
instinct,27
rahul,27
grandfath,27
und,27
yea,27
uncompress,27
marku,27
heret,27
coalit,27
immacul,27
ulf,27
pathet,27
forecast,27
workshop,27
macro,27
deepak,27
buggi,27
outfield,27
shafer,27
straightforward,27
csn,27
bombard,27
mmm,27
geniu,27
infam,27
forest,27
biochem,27
psilink,27
mimsi,27
awhil,27
climb,27
asset,27
mj,27
amin,27
fantast,27
yang,27
deskjet,27
lcd,27
ditto,27
dinner,27
sept,27
twm,27
readabl,27
durham,27
levi,27
eighti,27
ahl,27
distributor,27
refug,27
ammo,27
cope,27
surg,27
mcimail,27
analys,27
beckman,27
intact,27
extraordinari,27
glide,27
scot,27
dant,27
chairman,27
distress,27
stimul,27
usd,27
tan,27
grain,27
conquer,27
wont,27
brush,27
vac,27
circuitri,26
dell,26
fractal,26
remeb,26
alias,26
marvel,26
transpar,26
dissemin,26
tournament,26
honour,26
nsc,26
nott,26
merlin,26
deadlin,26
ninjait,26
ctrl,26
stranger,26
dresden,26
njit,26
variant,26
iranian,26
coward,26
nanao,26
alia,26
gothamc,26
babe,26
emerson,26
weaken,26
lamb,26
meta,26
fatigu,26
sharon,26
messeng,26
jam,26
defenseman,26
trajectori,26
neighbour,26
paus,26
jacob,26
chapel,26
paperback,26
cruiser,26
walsh,26
lap,26
guild,26
epa,26
riddl,26
mtv,26
alomar,26
regret,26
drastic,26
optimist,26
intermitt,26
sixsmith,26
rebuild,26
overreact,26
preciou,26
laserwrit,26
hierarchi,26
lin,26
eaten,26
exempt,26
grind,26
strife,26
interestingli,26
idbsu,26
refrain,26
dram,26
soup,26
cosmo,26
sandi,26
counterpart,26
unawar,26
awe,26
eject,26
kiefer,26
grayscal,26
aros,26
eloqu,26
hernandez,26
ingredi,26
suzuki,26
eau,26
neeli,26
blanket,26
tutori,26
lmsc,26
promin,26
mead,26
arpa,26
roland,26
souvien,26
azerbaijani,26
elli,26
elderli,26
bold,26
bow,26
drawer,26
snm,26
eyewit,26
fda,26
kermit,26
cluster,26
par,26
mcdonald,26
bcstec,26
shelter,26
videotap,26
forbidden,26
abo,26
sanction,26
del,26
stir,26
canadien,26
parr,26
infal,26
trueli,26
qwk,26
extremist,26
inclus,26
curt,26
gabriel,26
fetch,26
cwi,26
pgh,26
throat,26
sedan,26
reluct,26
rtfm,26
vent,26
portray,26
italian,26
verif,26
overrid,26
ancestor,26
netland,26
glow,26
xxx,26
wealthi,26
camaro,26
til,26
theism,26
fluke,26
rethink,26
msd,26
compart,26
quayl,26
higgin,26
iti,26
henrik,26
inaccur,26
ntsc,26
slice,26
oc,26
whaler,26
concess,26
scrutini,26
ozon,26
pleasant,26
filenam,26
shore,26
sunysb,26
barn,26
rosa,26
unauthor,26
viabl,26
frog,26
rabbit,26
boil,26
transistor,26
mwilson,26
dens,26
physiolog,26
amen,26
loral,26
rle,25
holm,25
warfar,25
revolv,25
debug,25
nightmar,25
ampl,25
unemploy,25
creed,25
deviat,25
clemen,25
pale,25
siemon,25
ctron,25
uart,25
jockey,25
hamer,25
cream,25
nore,25
sane,25
doom,25
itd,25
mogilni,25
resent,25
sed,25
templeton,25
woodward,25
isaiah,25
fifteen,25
ctr,25
rode,25
martyr,25
tenth,25
cn,25
cc,25
rhode,25
bibliographi,25
arguabl,25
heresi,25
chhabra,25
voter,25
kerosen,25
spill,25
zen,25
flock,25
cunixc,25
stpl,25
eleph,25
everytim,25
underestim,25
ea,25
renam,25
mri,25
steadi,25
estat,25
gwu,25
overview,25
valeri,25
foam,25
amd,25
wolf,25
clarku,25
sceptic,25
dread,25
apartheid,25
anarchi,25
pun,25
dchhabra,25
randomli,25
kinsey,25
palett,25
albani,25
blain,25
gsu,25
molecul,25
oriolefan,25
xwindow,25
supris,25
wizard,25
poke,25
repel,25
mitsubishi,25
bulk,25
obsess,25
terrain,25
offset,25
hr,25
asala,25
acquaint,25
prophesi,25
motto,25
cdrom,25
slb,25
athlet,25
unlimit,25
journey,25
meme,25
dash,25
beth,25
threshold,25
median,25
oit,25
shaig,25
brandt,25
unload,25
dictatorship,25
leonard,25
calder,25
pars,25
metro,25
uokmax,25
contempt,25
monkey,25
congratul,25
patholog,25
rvesterm,25
johnni,25
pic,25
cbnewsg,25
guidanc,25
lurk,25
olwm,25
mp,25
theologian,25
soda,25
hypothet,25
freewar,25
outstand,25
civic,25
sunlight,25
shove,25
handler,25
prey,25
australian,25
slightest,25
midnight,25
sho,25
recipi,25
poli,25
divorc,25
bskendig,25
stanc,25
kludg,25
intro,25
unl,25
hypocrit,25
thorson,25
passer,25
architect,25
shepherd,25
certif,25
tga,25
bertrand,25
rig,25
cipriani,25
discomfort,25
immatur,25
acut,25
sentiment,25
mattingli,25
arsen,25
hobb,25
alicea,25
antibiot,25
sumex,25
ongo,24
rectangl,24
surgic,24
homicid,24
yourselv,24
jlevin,24
reactor,24
padr,24
lotu,24
advers,24
raytrac,24
stefan,24
palm,24
pregnanc,24
kgb,24
osu,24
kkeller,24
vega,24
denot,24
fertil,24
abomin,24
exagger,24
chelio,24
straighten,24
postal,24
satisfactori,24
sank,24
hash,24
inqmind,24
uncov,24
llama,24
quarterli,24
poverti,24
northeastern,24
hatcher,24
savag,24
phantom,24
cheapli,24
bodili,24
vernon,24
bristol,24
crux,24
ritvax,24
volvo,24
crunch,24
infield,24
init,24
realm,24
alumni,24
rexlex,24
oxid,24
seemingli,24
ducati,24
uoregon,24
servant,24
rational,24
breed,24
mrc,24
photoshop,24
mont,24
jess,24
stereotyp,24
elementari,24
nagorno,24
undergo,24
egr,24
overnight,24
ambassador,24
subaru,24
encyclopedia,24
interceptor,24
shi,24
bleed,24
glare,24
armori,24
ivi,24
tobia,24
illumin,24
bayonet,24
schmidt,24
mccarthi,24
barlow,24
interf,24
temper,24
gozer,24
applelink,24
undoubtedli,24
consortium,24
gel,24
coffey,24
openlook,24
ansi,24
alright,24
atlant,24
microphon,24
mercer,24
bedfellow,24
emiss,24
needl,24
pend,24
salmon,24
standoff,24
unhappi,24
bih,24
centerlin,24
crusad,24
umpir,24
dac,24
dat,24
holiday,24
builder,24
dakota,24
hail,24
sleev,24
vastli,24
anyhow,24
preview,24
mr,24
spout,24
oven,24
incur,24
irregular,24
newshost,24
penal,24
comic,24
pri,24
connor,24
terrifi,24
dish,24
naval,24
healta,24
simplist,24
riski,24
oversea,24
chees,24
marlin,24
kelsey,24
hardi,24
patrol,24
sim,24
tyrant,24
chicken,24
viper,24
bronx,24
sanderson,23
paperwork,23
household,23
hop,23
semiconductor,23
navig,23
finabo,23
grove,23
bisexu,23
randal,23
isreal,23
feloni,23
intak,23
rebound,23
soe,23
herebi,23
cooki,23
pentium,23
tti,23
ttl,23
modest,23
booster,23
dimension,23
johnston,23
hen,23
immens,23
teen,23
synthes,23
minerva,23
panason,23
gvg,23
injustic,23
disobey,23
thrust,23
turtl,23
lloyd,23
satisfact,23
smash,23
pinout,23
lest,23
haul,23
resiz,23
flush,23
ingest,23
trickl,23
nonetheless,23
vein,23
retali,23
reston,23
ultrix,23
unomaha,23
muller,23
mitch,23
cox,23
noel,23
stink,23
swell,23
undesir,23
casbah,23
nodak,23
helpless,23
cookson,23
conjunct,23
bigboot,23
nathaniel,23
crowley,23
dealership,23
airlin,23
pooh,23
stalin,23
ash,23
idaho,23
vomit,23
iff,23
asu,23
earliest,23
ncd,23
stl,23
lim,23
vessel,23
baptiz,23
chocol,23
debri,23
stem,23
hasan,23
merced,23
stiff,23
gender,23
dissolv,23
uwa,23
upward,23
chung,23
tyre,23
hernlem,23
undefin,23
jubile,23
herbert,23
faulti,23
cosmic,23
unworthi,23
unx,23
rethought,23
delight,23
digniti,23
uiowa,23
ethz,23
reign,23
bgardner,23
camelot,23
intrus,23
outweigh,23
redistribut,23
arch,23
queensu,23
repo,23
sear,23
grin,23
refere,23
compliant,23
powerless,23
miseri,23
bradi,23
dietari,23
propag,23
stripe,23
recreat,23
unlaw,23
bid,23
prevail,23
disclos,23
implicit,23
sermon,23
sutter,23
thrill,23
halcyon,23
montgomeri,23
cronkit,23
clearanc,23
placebo,23
inflammatori,23
propel,23
discard,23
pie,23
ml,23
rag,23
burnt,23
keyseach,23
ppm,23
parsli,23
utsa,23
mst,23
msf,23
ari,23
rubin,23
autoexec,23
woof,23
presbyterian,23
discours,23
oneself,23
humili,23
nba,23
evelyn,23
ensu,23
darksid,23
caveat,23
infecti,23
callback,23
stall,23
cleaner,23
bacteria,23
reprint,23
brendan,23
brick,23
turkiy,23
pebbl,23
tablet,23
organpip,23
canal,23
mbunix,23
edm,23
sore,23
molitor,23
shutout,23
stephan,23
starbas,23
guday,23
pedal,23
pariti,23
lvc,23
authorit,22
stern,22
artilleri,22
wine,22
accommod,22
whip,22
mel,22
thomasp,22
refin,22
ordin,22
czech,22
jane,22
holt,22
geometr,22
endow,22
rambl,22
strain,22
sc,22
drunken,22
boulevard,22
mserv,22
jhunix,22
hercul,22
detach,22
hex,22
heh,22
aa,22
thorn,22
immort,22
lotsa,22
mall,22
embassi,22
embarass,22
emac,22
propoganda,22
napalm,22
geoffrey,22
deport,22
omnisci,22
huey,22
curious,22
chintan,22
spam,22
mythic,22
belfour,22
mood,22
electromagnet,22
extrapol,22
olymp,22
kansa,22
nswc,22
fbihh,22
hobbi,22
clem,22
ucf,22
surprisingli,22
raymond,22
fielder,22
finnish,22
imaginari,22
idol,22
oldest,22
missionari,22
pierc,22
lau,22
fellowship,22
bontchev,22
ebay,22
dn,22
gaug,22
kyle,22
farther,22
adelaid,22
croat,22
visa,22
lazaru,22
esdi,22
rind,22
synthesi,22
gloriou,22
hardcopi,22
sixti,22
rja,22
orst,22
solicit,22
modular,22
rude,22
macc,22
sherzer,22
jpg,22
kidney,22
airplan,22
apana,22
jarthur,22
moistur,22
shea,22
unlock,22
indirectli,22
smack,22
handlebar,22
climat,22
capitalist,22
gunfir,22
duff,22
quinn,22
mohammad,22
slg,22
daddi,22
glanc,22
magellan,22
cga,22
wallet,22
imped,22
tilt,22
redraw,22
gonzalez,22
honesti,22
bailey,22
helio,22
fenc,22
tut,22
undermin,22
smear,22
deer,22
iup,22
abu,22
attain,22
csa,22
csu,22
humanitarian,22
appletalk,22
redeem,22
pex,22
pee,22
peg,22
constraint,22
dispens,22
quaker,22
sinu,22
presidenti,22
asteroid,22
strive,22
tocchet,22
csrc,22
upcom,22
goddess,22
bulb,22
motorcyclist,22
symmetr,22
precaut,22
vesterman,22
erupt,22
expertis,22
censorship,22
uncommon,22
kentucki,22
dishonest,22
cocain,22
stumbl,22
practis,22
farmer,22
assort,22
freshman,22
miscellan,22
disrupt,22
jeep,22
cordless,22
tex,22
faint,22
intercours,22
ashley,22
rtp,22
boast,22
gauss,22
finder,22
prog,22
hplab,22
westminst,22
carrol,22
crucifi,22
ghetto,22
entranc,22
bbn,22
headlight,22
tcd,22
owe,22
rusti,21
kirlian,21
kfu,21
jaguar,21
telo,21
unsupport,21
coleman,21
receipt,21
asuacad,21
allevi,21
homeopathi,21
ronzon,21
an,21
unbias,21
vlsi,21
ankara,21
neccessari,21
rockefel,21
hollow,21
barbar,21
erich,21
recip,21
evacu,21
pillion,21
gladli,21
linda,21
midelfort,21
xsun,21
cm,21
cb,21
simtel,21
juan,21
englishman,21
rectifi,21
salesman,21
greed,21
khomeini,21
hike,21
mccullou,21
wc,21
degener,21
mssc,21
remu,21
mclean,21
fusion,21
cooler,21
descart,21
miracul,21
jeesu,21
absent,21
mtu,21
cultist,21
practition,21
churchil,21
misrepres,21
aesthet,21
ukan,21
carr,21
sheer,21
aura,21
rebuilt,21
textbook,21
pharvey,21
beaver,21
abund,21
stare,21
corel,21
judici,21
antiqu,21
delux,21
mickey,21
auvm,21
innat,21
aggrav,21
evas,21
mmalt,21
chatham,21
radioact,21
rigor,21
endless,21
powder,21
unbreak,21
aug,21
appal,21
typo,21
warp,21
decvax,21
bonu,21
gradi,21
grissom,21
sorta,21
winfield,21
simplest,21
cousin,21
commission,21
mcl,21
interv,21
hextal,21
interst,21
informix,21
lauri,21
tokyo,21
laserjet,21
hillari,21
marijuana,21
treasuri,21
siggraph,21
revisionist,21
geo,21
dlecoint,21
commodor,21
joan,21
fxwg,21
casualti,21
ribbon,21
baseman,21
vladimir,21
tektronix,21
intimid,21
pennant,21
unisql,21
propan,21
persuas,21
saab,21
constru,21
disclosur,21
pertin,21
surgeon,21
inst,21
wholli,21
migrain,21
arguement,21
retard,21
hain,21
certainti,21
emori,21
bum,21
inlin,21
autodesk,21
lecoint,21
basketbal,21
merchant,21
calib,21
cmhnet,21
cradl,21
stray,21
rust,21
dither,21
ima,21
fade,21
rental,21
livermor,21
toe,21
sage,21
oci,21
oct,21
unpleas,21
ubvmsd,21
neo,21
semant,21
jude,21
eighth,21
gtd,21
ahm,21
ssto,21
aluminum,21
drivel,21
diarrhea,21
ott,21
teh,21
solvent,21
koufax,21
dana,21
hrivnak,21
lengthi,21
enlarg,21
insect,21
gant,21
miser,21
sandberg,21
tamper,21
subdirectori,21
organis,21
avg,21
smoothli,21
leas,21
wesley,21
distract,21
herb,20
allah,20
mdw,20
underlin,20
mcguir,20
buse,20
fait,20
edgar,20
gopher,20
diff,20
recycl,20
harmon,20
st,20
revert,20
boggl,20
messier,20
steroid,20
superstar,20
otto,20
standpoint,20
het,20
megatest,20
pica,20
bogg,20
occurr,20
sicken,20
yawn,20
liabl,20
weaver,20
cager,20
vow,20
expend,20
carol,20
unplug,20
dsinc,20
nada,20
beneath,20
shannon,20
dbernard,20
gentli,20
cirru,20
aej,20
preval,20
phd,20
web,20
daylight,20
stud,20
cme,20
reg,20
bunker,20
blurb,20
mayor,20
roenick,20
jayn,20
defensemen,20
trophi,20
povray,20
shrink,20
dxf,20
criterion,20
halv,20
critiqu,20
ei,20
rll,20
recruit,20
slac,20
apocalyps,20
seldom,20
telecommun,20
petit,20
surplu,20
merril,20
epson,20
caldwel,20
earthquak,20
diod,20
unreli,20
kulikauska,20
adhes,20
labour,20
mack,20
ccit,20
kurdish,20
rawlin,20
evad,20
revok,20
bubblejet,20
econ,20
coincident,20
wick,20
halat,20
lightli,20
rash,20
neuron,20
linknet,20
palo,20
inimit,20
asynchron,20
asian,20
utkvx,20
concour,20
chrysler,20
robertson,20
ish,20
microcomput,20
simplic,20
scrap,20
basil,20
congreg,20
sensat,20
eshneken,20
sovereignti,20
magpi,20
wail,20
guardian,20
downtown,20
pine,20
ciphertext,20
imperi,20
hdd,20
espionag,20
grid,20
allianc,20
complianc,20
gravit,20
kuwait,20
calstat,20
tcmay,20
tender,20
smallest,20
vanc,20
unifi,20
howe,20
predat,20
jumbo,20
crow,20
append,20
delawar,20
butler,20
mainfram,20
lp,20
weber,20
likelihood,20
cabin,20
frontier,20
iivx,20
preliminari,20
prolong,20
dillon,20
bruno,20
fiddl,20
wagner,20
heel,20
garrett,20
esa,20
cbnewsl,20
luri,20
straw,20
connecticut,20
agress,20
expenditur,20
tho,20
geez,20
reconstruct,20
eleven,20
mayo,20
indirect,20
festiv,20
gil,20
clesun,20
hsc,20
baku,20
colin,20
mjone,20
becuas,20
srgenprp,20
milton,20
rene,20
koran,20
lafayett,20
penn,20
ellison,20
realtim,20
cbc,20
dist,20
induct,20
trench,20
lisa,20
voyag,20
orlean,20
buddhist,20
copper,20
imperfect,20
nate,20
munich,20
adjac,20
huntsvil,20
duct,20
restrain,20
powerpc,20
misunderstood,20
coher,20
divert,20
combo,20
slug,20
cake,20
ep,20
exce,19
conceptu,19
audi,19
endang,19
concord,19
atm,19
wasp,19
bitter,19
mandatori,19
truetyp,19
steph,19
battlefield,19
wrat,19
slope,19
melt,19
benson,19
throughput,19
ipx,19
ont,19
warwick,19
grandpar,19
beliv,19
photon,19
indianapoli,19
defi,19
scholarship,19
invert,19
glean,19
asbesto,19
mpr,19
waiver,19
quicker,19
abbrevi,19
disapprov,19
wrench,19
wri,19
bubbl,19
aau,19
virus,19
singapor,19
provoc,19
nrl,19
shorten,19
xserver,19
bruis,19
mideast,19
commut,19
denounc,19
mjr,19
wander,19
manuscript,19
defenseless,19
reid,19
obstacl,19
jgreen,19
decept,19
glue,19
disbelief,19
disbeliev,19
decwrl,19
irish,19
veil,19
gasolin,19
petri,19
hasti,19
palac,19
barrier,19
bracket,19
kimbal,19
futil,19
guis,19
dixi,19
indigo,19
taker,19
curios,19
emin,19
flybi,19
southwest,19
mediocr,19
panayiotaki,19
cari,19
mond,19
darryl,19
mbyte,19
trincol,19
irrespons,19
ergonom,19
starv,19
quibbl,19
freddi,19
monti,19
inquisit,19
trailer,19
elder,19
darwin,19
staffan,19
akin,19
ccsvax,19
nah,19
benevol,19
irzr,19
booth,19
advisor,19
rickey,19
rayssd,19
deplor,19
dispers,19
discontinu,19
peterson,19
otc,19
interlac,19
clown,19
penni,19
speedomet,19
smartdrv,19
louray,19
iso,19
obnoxi,19
peculiar,19
fungal,19
visitor,19
attest,19
rainer,19
slc,19
stimulu,19
worn,19
ooo,19
schwartz,19
reinforc,19
conting,19
workaround,19
deciph,19
teflon,19
nctu,19
companion,19
outdoor,19
barrasso,19
nosc,19
castl,19
grubb,19
memor,19
mccullough,19
subsystem,19
flower,19
overack,19
tvtwm,19
mahan,19
teemu,19
astrophys,19
compuls,19
gal,19
milit,19
unanim,19
sysop,19
sdd,19
lens,19
credenc,19
queer,19
psyrobtw,19
luriem,19
la,19
willing,19
stuf,19
bowman,19
lamont,19
mik,19
transcript,19
boycott,19
we,19
devout,19
ridden,19
adb,19
fyi,19
pepper,19
doesnt,19
sfasu,19
vesselin,19
gballent,19
phoni,19
adrian,19
ocf,19
bathroom,19
sprite,19
diffi,19
fnalf,19
aber,19
henderson,19
shnekendorf,19
springfield,19
fascism,19
refund,19
underneath,19
torch,19
oath,19
ana,19
fcc,19
hungri,19
brit,19
ness,19
guvax,19
moot,19
hindu,19
abyss,19
babylon,19
anniversari,19
athiest,19
misinterpret,19
jehovah,19
musicb,19
trevor,19
soccer,19
odomet,19
strengthen,19
unconstitut,19
utdalla,19
residu,19
instructor,19
limbaugh,19
ferment,19
pervert,19
sniper,19
plead,19
inet,19
chin,19
ncsc,19
clash,19
dent,19
fujitsu,19
spoil,19
trademark,19
camel,19
counteract,19
earthli,19
turpin,19
targa,18
oxymoron,18
eeap,18
cautiou,18
fin,18
glorifi,18
entail,18
bliss,18
delphi,18
roller,18
hong,18
lefti,18
despair,18
sod,18
azw,18
midst,18
burlington,18
incrimin,18
sierra,18
aviv,18
gallagh,18
seventi,18
urin,18
lesbian,18
marvin,18
mane,18
laissez,18
reson,18
bldg,18
bedford,18
mehl,18
carlton,18
mexican,18
caucasu,18
wilder,18
theater,18
presumpt,18
rfc,18
sel,18
nonexist,18
spectacular,18
forrest,18
bm,18
barman,18
prelud,18
chan,18
chap,18
newshub,18
essay,18
landscap,18
lesli,18
locu,18
wharfi,18
torr,18
fiasco,18
eniac,18
ce,18
multisync,18
jodfish,18
oft,18
wee,18
technet,18
belgium,18
thief,18
timmon,18
buehler,18
reckless,18
spew,18
bri,18
worm,18
coerc,18
sack,18
bgrubb,18
kth,18
iceland,18
howel,18
housley,18
postmast,18
ezekiel,18
promptli,18
gum,18
rapist,18
angelo,18
spl,18
einstien,18
carv,18
countless,18
bryce,18
charger,18
rusnew,18
undertak,18
starr,18
sunroof,18
marketplac,18
consecut,18
ma,18
intermedi,18
vintag,18
wacko,18
duncan,18
wod,18
unintent,18
glutam,18
ruu,18
bgu,18
strass,18
hampshir,18
hpfcso,18
diverg,18
holmdel,18
hannib,18
dove,18
constrain,18
parker,18
ragraca,18
dortmund,18
workgroup,18
axelsson,18
welch,18
hansen,18
loyalti,18
viciou,18
quantifi,18
ineffici,18
desqview,18
hollywood,18
unt,18
ether,18
qualif,18
barla,18
tartar,18
burk,18
jenk,18
bchm,18
unrel,18
sticki,18
almanac,18
sysadmin,18
bennett,18
tile,18
intrud,18
rabbi,18
texan,18
wainwright,18
quran,18
ventura,18
betz,18
abpsoft,18
suscept,18
hmmmm,18
essensa,18
submarin,18
zinc,18
geophys,18
seca,18
sarcast,18
charm,18
usernam,18
boyd,18
cview,18
albican,18
cern,18
shellgat,18
tsr,18
tranni,18
immigr,18
logitech,18
hyster,18
feustel,18
attende,18
rectangular,18
hank,18
convey,18
lump,18
vapor,18
omnipot,18
metaphys,18
washer,18
uclink,18
freq,18
bsu,18
mcelwain,18
mud,18
passov,18
leftist,18
torah,18
horsepow,18
decstat,18
latch,18
tin,18
kaflowitz,18
ucbvax,18
uniformli,18
llo,18
jorg,18
juda,18
parliamentari,18
tele,18
homerun,18
kjenk,18
uncondit,18
constitu,18
linden,18
sse,18
cjackson,18
obfusc,18
notori,18
tread,18
jeez,18
budd,18
roush,18
nbc,18
doh,18
knowl,18
nextstep,18
footnot,18
igor,18
hominem,18
reckon,18
graca,18
aspir,18
mcd,18
viola,18
flown,18
fierkelab,18
kolstad,18
caller,18
inflamm,18
karma,18
uphold,18
droopi,18
tack,18
skidmor,18
vcd,18
nordiqu,18
crude,18
qemm,18
liverpool,18
amolitor,18
noy,18
panther,18
pompou,18
vat,18